{"cameraMode":{"drawMode":0,"name":"Shaded","section":"Shading Mode"},"sceneLighting":false,"audioPlay":false,"sceneViewState":{"m_AlwaysRefresh":false,"showFog":true,"showSkybox":false,"showFlares":true,"showImageEffects":true,"showParticleSystems":true,"showVisualEffectGraphs":true,"m_FxEnabled":true},"in2DMode":false,"pivot":{"x":359.9541931152344,"y":4.934659481048584,"z":-138.83612060546876},"rotation":{"x":0.005908674094825983,"y":-0.991282045841217,"z":0.04792841896414757,"w":0.12251292914152146},"size":2.2837610244750978,"orthographic":false}