{"cameraMode":{"drawMode":0,"name":"Shaded","section":"Shading Mode"},"sceneLighting":true,"audioPlay":false,"sceneViewState":{"m_AlwaysRefresh":false,"showFog":true,"showSkybox":true,"showFlares":true,"showImageEffects":true,"showParticleSystems":true,"showVisualEffectGraphs":true,"m_FxEnabled":true},"in2DMode":false,"pivot":{"x":-151.78131103515626,"y":-167.44334411621095,"z":-22.130218505859376},"rotation":{"x":-0.05745118856430054,"y":0.9263214468955994,"z":-0.14954763650894166,"w":-0.3421618938446045},"size":13.022601127624512,"orthographic":false}