{"cameraMode":{"drawMode":0,"name":"Shaded","section":"Shading Mode"},"sceneLighting":false,"audioPlay":false,"sceneViewState":{"m_AlwaysRefresh":false,"showFog":true,"showSkybox":false,"showFlares":true,"showImageEffects":true,"showParticleSystems":true,"showVisualEffectGraphs":true,"m_FxEnabled":true},"in2DMode":false,"pivot":{"x":345.17340087890627,"y":8.276603698730469,"z":-125.49956512451172},"rotation":{"x":0.0021981417667120697,"y":-0.9608097672462463,"z":0.27712759375572207,"w":0.007711504586040974},"size":2.697681427001953,"orthographic":false}