{"cameraMode":{"drawMode":0,"name":"Shaded","section":"Shading Mode"},"sceneLighting":false,"audioPlay":false,"sceneViewState":{"m_AlwaysRefresh":false,"showFog":true,"showSkybox":false,"showFlares":true,"showImageEffects":true,"showParticleSystems":true,"showVisualEffectGraphs":true,"m_FxEnabled":true},"in2DMode":false,"pivot":{"x":0.32081475853919985,"y":1.3777981996536255,"z":-3.372303009033203},"rotation":{"x":-0.17986831068992616,"y":-0.1008811891078949,"z":0.018495716154575349,"w":-0.9783673882484436},"size":0.004404682200402021,"orthographic":false}