{"cameraMode":{"drawMode":0,"name":"Shaded","section":"Shading Mode"},"sceneLighting":false,"audioPlay":false,"sceneViewState":{"m_AlwaysRefresh":false,"showFog":true,"showSkybox":false,"showFlares":true,"showImageEffects":true,"showParticleSystems":true,"showVisualEffectGraphs":true,"m_FxEnabled":true},"in2DMode":false,"pivot":{"x":0.10854935646057129,"y":0.1143953800201416,"z":-0.3479597568511963},"rotation":{"x":-0.08598891645669937,"y":0.8054653406143189,"z":-0.12078457325696945,"w":-0.5738648176193237},"size":2.944827079772949,"orthographic":false}