{"cameraMode":{"drawMode":0,"name":"Shaded","section":"Shading Mode"},"sceneLighting":false,"audioPlay":false,"sceneViewState":{"m_AlwaysRefresh":false,"showFog":true,"showSkybox":false,"showFlares":true,"showImageEffects":true,"showParticleSystems":true,"showVisualEffectGraphs":true,"m_FxEnabled":true},"in2DMode":false,"pivot":{"x":-137.70199584960938,"y":-169.75399780273438,"z":-57.172000885009769},"rotation":{"x":0.17121662199497224,"y":0.6904910206794739,"z":-0.17359969019889832,"w":0.6810130476951599},"size":0.33840060234069826,"orthographic":false}