{"cameraMode":{"drawMode":0,"name":"Shaded","section":"Shading Mode"},"sceneLighting":true,"audioPlay":false,"sceneViewState":{"m_AlwaysRefresh":false,"showFog":true,"showSkybox":true,"showFlares":true,"showImageEffects":true,"showParticleSystems":true,"showVisualEffectGraphs":true,"m_FxEnabled":true},"in2DMode":false,"pivot":{"x":222.62313842773438,"y":101.19439697265625,"z":-161.98159790039063},"rotation":{"x":0.4508311152458191,"y":-0.2241954505443573,"z":0.11809352785348892,"w":0.8558907508850098},"size":4.370689868927002,"orthographic":false}