{"cameraMode":{"drawMode":0,"name":"Shaded","section":"Shading Mode"},"sceneLighting":false,"audioPlay":false,"sceneViewState":{"m_AlwaysRefresh":false,"showFog":true,"showSkybox":false,"showFlares":true,"showImageEffects":true,"showParticleSystems":true,"showVisualEffectGraphs":true,"m_FxEnabled":true},"in2DMode":false,"pivot":{"x":-143.5010986328125,"y":-169.6520538330078,"z":129.82101440429688},"rotation":{"x":0.0007478164043277502,"y":-0.9782723784446716,"z":0.20729409158229829,"w":0.003527094377204776},"size":0.2211449146270752,"orthographic":false}