{"cameraMode":{"drawMode":0,"name":"Shaded","section":"Shading Mode"},"sceneLighting":false,"audioPlay":false,"sceneViewState":{"m_AlwaysRefresh":false,"showFog":true,"showSkybox":false,"showFlares":true,"showImageEffects":true,"showParticleSystems":true,"showVisualEffectGraphs":true,"m_FxEnabled":true},"in2DMode":false,"pivot":{"x":-143.3227081298828,"y":-169.51287841796876,"z":129.93130493164063},"rotation":{"x":0.08410021662712097,"y":-0.8889254331588745,"z":0.18140599131584168,"w":0.4121047258377075},"size":0.2211449146270752,"orthographic":false}