{"cameraMode":{"drawMode":0,"name":"Shaded","section":"Shading Mode"},"sceneLighting":false,"audioPlay":false,"sceneViewState":{"m_AlwaysRefresh":false,"showFog":true,"showSkybox":false,"showFlares":true,"showImageEffects":true,"showParticleSystems":true,"showVisualEffectGraphs":true,"m_FxEnabled":true},"in2DMode":false,"pivot":{"x":0.5125499963760376,"y":0.14535999298095704,"z":-0.24876081943511964},"rotation":{"x":0.16137593984603883,"y":0.6482447981834412,"z":-0.14325816929340363,"w":0.7302197813987732},"size":2.5842337608337404,"orthographic":false}