{"cameraMode":{"drawMode":0,"name":"Shaded","section":"Shading Mode"},"sceneLighting":false,"audioPlay":false,"sceneViewState":{"m_AlwaysRefresh":false,"showFog":true,"showSkybox":false,"showFlares":true,"showImageEffects":true,"showParticleSystems":true,"showVisualEffectGraphs":true,"m_FxEnabled":true},"in2DMode":false,"pivot":{"x":0.023960335180163385,"y":0.02718345634639263,"z":-0.3244422674179077},"rotation":{"x":-0.12903834879398347,"y":0.8617430329322815,"z":-0.27253755927085879,"w":-0.40800943970680239},"size":2.8001415729522707,"orthographic":false}