{"cameraMode":{"drawMode":0,"name":"Shaded","section":"Shading Mode"},"sceneLighting":false,"audioPlay":false,"sceneViewState":{"m_AlwaysRefresh":false,"showFog":true,"showSkybox":false,"showFlares":true,"showImageEffects":true,"showParticleSystems":true,"showVisualEffectGraphs":true,"m_FxEnabled":true},"in2DMode":false,"pivot":{"x":344.6617126464844,"y":7.495229721069336,"z":-123.19564819335938},"rotation":{"x":0.16954681277275086,"y":0.08415066450834274,"z":-0.014531249180436135,"w":0.9818202257156372},"size":2.697681427001953,"orthographic":false}