{"cameraMode":{"drawMode":0,"name":"Shaded","section":"Shading Mode"},"sceneLighting":false,"audioPlay":false,"sceneViewState":{"m_AlwaysRefresh":false,"showFog":true,"showSkybox":false,"showFlares":true,"showImageEffects":true,"showParticleSystems":true,"showVisualEffectGraphs":true,"m_FxEnabled":true},"in2DMode":false,"pivot":{"x":320.42156982421877,"y":4.446383476257324,"z":-118.34718322753906},"rotation":{"x":0.18918317556381226,"y":0.04122813418507576,"z":-0.00794883631169796,"w":0.9810475707054138},"size":2.4074723720550539,"orthographic":false}