{"cameraMode":{"drawMode":0,"name":"Shaded","section":"Shading Mode"},"sceneLighting":false,"audioPlay":false,"sceneViewState":{"m_AlwaysRefresh":false,"showFog":true,"showSkybox":false,"showFlares":true,"showImageEffects":true,"showParticleSystems":true,"showVisualEffectGraphs":true,"m_FxEnabled":true},"in2DMode":false,"pivot":{"x":-0.06723887473344803,"y":-0.33869975805282595,"z":0.8818910121917725},"rotation":{"x":0.17458000779151917,"y":-0.12809734046459199,"z":0.02291465923190117,"w":0.9760093688964844},"size":2.8001415729522707,"orthographic":false}