{"cameraMode":{"drawMode":0,"name":"Shaded","section":"Shading Mode"},"sceneLighting":false,"audioPlay":false,"sceneViewState":{"m_AlwaysRefresh":false,"showFog":true,"showSkybox":false,"showFlares":true,"showImageEffects":true,"showParticleSystems":true,"showVisualEffectGraphs":true,"m_FxEnabled":true},"in2DMode":false,"pivot":{"x":-0.3114948570728302,"y":0.3083823025226593,"z":-0.1492059826850891},"rotation":{"x":-0.040494661778211597,"y":0.8528034090995789,"z":-0.06693369150161743,"w":-0.5163431763648987},"size":2.8666648864746095,"orthographic":false}