{"cameraMode":{"drawMode":0,"name":"Shaded","section":"Shading Mode"},"sceneLighting":false,"audioPlay":false,"sceneViewState":{"m_AlwaysRefresh":false,"showFog":true,"showSkybox":false,"showFlares":true,"showImageEffects":true,"showParticleSystems":true,"showVisualEffectGraphs":true,"m_FxEnabled":true},"in2DMode":false,"pivot":{"x":0.39820003509521487,"y":0.07410001754760742,"z":-0.2709472179412842},"rotation":{"x":-0.12903834879398347,"y":0.8617430329322815,"z":-0.27253755927085879,"w":-0.40800943970680239},"size":2.005413055419922,"orthographic":false}