{"cameraMode":{"drawMode":0,"name":"Shaded","section":"Shading Mode"},"sceneLighting":false,"audioPlay":false,"sceneViewState":{"m_AlwaysRefresh":false,"showFog":true,"showSkybox":false,"showFlares":true,"showImageEffects":true,"showParticleSystems":true,"showVisualEffectGraphs":true,"m_FxEnabled":true},"in2DMode":false,"pivot":{"x":-29.018150329589845,"y":0.8149428963661194,"z":-1.547745943069458},"rotation":{"x":-0.0002877998340409249,"y":-0.9999159574508667,"z":0.018319543451070787,"w":0.0011017111828550697},"size":0.8660253882408142,"orthographic":false}