{"cameraMode":{"drawMode":0,"name":"Shaded","section":"Shading Mode"},"sceneLighting":false,"audioPlay":false,"sceneViewState":{"m_AlwaysRefresh":false,"showFog":true,"showSkybox":false,"showFlares":true,"showImageEffects":true,"showParticleSystems":true,"showVisualEffectGraphs":true,"m_FxEnabled":true},"in2DMode":false,"pivot":{"x":334.2608337402344,"y":6.4868998527526859,"z":-117.82050323486328},"rotation":{"x":0.29464641213417055,"y":0.17642301321029664,"z":-0.05544460937380791,"w":0.9375477433204651},"size":1.8964695930480958,"orthographic":false}