{"cameraMode":{"drawMode":0,"name":"Shaded","section":"Shading Mode"},"sceneLighting":false,"audioPlay":false,"sceneViewState":{"m_AlwaysRefresh":false,"showFog":true,"showSkybox":false,"showFlares":true,"showImageEffects":true,"showParticleSystems":true,"showVisualEffectGraphs":true,"m_FxEnabled":true},"in2DMode":false,"pivot":{"x":-154.77999877929688,"y":-168.6540069580078,"z":168.00799560546876},"rotation":{"x":0.0007478164043277502,"y":-0.9782723784446716,"z":0.20729409158229829,"w":0.003527094377204776},"size":1.0013271570205689,"orthographic":false}