{"cameraMode":{"drawMode":0,"name":"Shaded","section":"Shading Mode"},"sceneLighting":false,"audioPlay":false,"sceneViewState":{"m_AlwaysRefresh":false,"showFog":true,"showSkybox":false,"showFlares":true,"showImageEffects":true,"showParticleSystems":true,"showVisualEffectGraphs":true,"m_FxEnabled":true},"in2DMode":false,"pivot":{"x":148.18199157714845,"y":27.760000228881837,"z":-148.78599548339845},"rotation":{"x":-0.014545958489179612,"y":0.5791760087013245,"z":-0.010592278093099594,"w":-0.8148605227470398},"size":0.4836549758911133,"orthographic":false}